"","country","name","pvalue","x.l1","x.l2","x.l3"
"1","AT","family_benefit",0.0102499712051867,-0.072781022676756,0.0677451259821908,-0.0851570996898051
"2","AU","family_benefit",0.603080290775253,-0.0437354890245005,0.0364589515356295,0.00505229379438338
"3","BE","family_benefit",0.659134711624044,0.0323381335602969,0.0304271776320239,-0.044241848551989
"4","CA","family_benefit",0.283005109975238,-0.0397547424671892,0.0439460431950742,-0.0281745560301748
"5","CH","family_benefit",0.357884802680651,0.0880987312650466,-0.0695751298762729,-0.046945044414014
"6","DE","family_benefit",0.332129313281687,-0.0605428579459078,0.0518315106473828,0.0346250910515131
"7","DK","family_benefit",0.00714219630712231,0.182370894335474,-0.218155718324468,0.135008417457224
"8","ES","family_benefit",0.78098520090648,0.040245115732826,0.0166328853488985,-0.0432333748955494
"9","FI","family_benefit",0.321922897126311,0.026307564966296,-0.0901243360005164,0.0722531396603391
"10","FR","family_benefit",0.044542873294983,0.0646935266441413,-0.0159749026326394,0.0518746500105322
"11","GB","family_benefit",0.98659602085405,-0.0131904189348028,0.0202087578965675,-0.00704997191597867
"12","GR","family_benefit",0.979792123381443,-0.00126195222905654,0.00667919640814075,-0.0136917429075029
"13","IE","family_benefit",0.650393768533027,-0.020200143533298,0.0608721503880585,-0.0323088505346265
"14","IT","family_benefit",0.3845172911729,0.0530332226287598,-0.0501645382264439,NA
"15","JP","family_benefit",0.916121986648207,-0.00747742461290254,0.0536616406530255,-0.0541412480423184
"16","LU","family_benefit",0.125392812021321,0.0459333650075358,-0.00948609417948561,-0.0547131729606781
"17","NL","family_benefit",0.904790900261921,-0.0120988641215673,0.00625447975619279,-0.009798593184132
"18","NO","family_benefit",0.554938409677766,0.0217951381897613,-0.0618144087757196,0.0227083752860518
"19","PT","family_benefit",0.112434079177304,0.00802285000801844,0.0300700928886129,-0.113531809913925
"20","SE","family_benefit",0.763730047208675,0.00369431344511603,-0.0517714332149566,0.0494739985295405
"21","TR","family_benefit",0.214363335116769,-0.142362763722076,0.166619873885664,-0.143521091939024
"22","US","family_benefit",0.687874195617794,-0.0548558867572671,0.0686719177454277,-0.0596218244420029
"23","MX","family_benefit",0.838275491830784,-0.00742085572661623,0.00928982687377621,-0.00826526496192296
"24","CL","family_benefit",0.823254058851362,-0.00921246674837141,0.00723219004153675,-0.00392924168581837
"25","CZ","family_benefit",0.849939997211053,0.041980159767635,-0.00964629895420327,-0.0599020348209876
"26","IS","family_benefit",0.143036148569383,0.125498089115203,-0.031621174533389,-0.125413684671364
"27","KR","family_benefit",0.105660293000317,0.256247712125621,-0.000587347302027357,-0.302102240137675
"28","PL","family_benefit",0.457823240157749,0.0650777370078327,-0.0584961289176348,0.0125581541327491
"29","CR","family_benefit",0.0206699079513255,-0.211586434882253,0.031179240123254,0.0858418178375188
"30","IL","family_benefit",0.136620532843911,0.051206559631387,-0.0376906077325794,-0.0907092522373399
"31","LV","family_benefit",0.241650544680414,-0.10322017549574,0.0514838833187158,0.00903649045886519
"32","SK","family_benefit",0.257940208123599,-0.0437231092314491,-0.0739258524171538,-0.00775144128929976
"33","LT","family_benefit",0.445681758984363,0.00325537873063242,0.00548994911018422,0.0246346546756403
"34","SI","family_benefit",0.0781919931493415,-0.237940388880141,0.111686128351716,-0.00194691570623649
"35","EE","family_benefit",0.958297832407041,0.00364900401999385,-0.0208095613336725,-0.000580430196753343
"36","HU","family_benefit",0.0460228935088789,-0.206911525234913,0.173901016436168,-0.0236582047921189
"37","CO","family_benefit",0.0127812955912495,-0.0643533295156023,0.0381576274261879,-0.00546804256174558
"38","AT","net_migration",0.398438752740281,0.0268404459891934,-0.054557048954444,0.0266274930298342
"39","AU","net_migration",1.03250648278972e-05,0.0436714218008706,-0.0319038247188406,-0.0123354992218678
"40","BE","net_migration",0.66741123675433,-0.0070645026594123,0.0373260666306444,-0.0317911338976872
"41","CA","net_migration",0.80603046752593,0.0135084493600379,-0.0153662379206412,0.00212307899002896
"42","CH","net_migration",0.807134348027408,0.00495220990892018,-0.00538794588810306,1.41427382569299e-05
"43","DE","net_migration",0.807534407191836,0.00282829177616215,0.00269972901518467,-0.0082974646262328
"44","DK","net_migration",0.563836477390315,0.101118503799117,-0.136692359098393,0.0347453861180935
"45","ES","net_migration",0.8863947061211,-0.00626221352893432,0.0144174533291515,-0.00915348338543812
"46","FI","net_migration",0.824075219886679,0.0152436439522267,-0.0296076121345041,0.0125971895862439
"47","FR","net_migration",0.0779647754275534,0.0627753902416302,-0.0870646755081352,0.0601134215626174
"48","GB","net_migration",0.550862713916805,-0.0304767251654565,0.0716957275381734,-0.0425625911141288
"49","GR","net_migration",0.466049905207173,-0.00576542951124739,0.0143138622708405,-0.0111874429041533
"50","IE","net_migration",0.388478199468076,-0.00758982432956857,0.0224531568270052,-0.0156401850485114
"51","IT","net_migration",0.920111041487626,0.00675870814912945,-0.0101625917554917,0.00213728341767803
"52","JP","net_migration",0.00362536443916149,0.442398998727581,-0.564383104874634,0.133236371423953
"53","LU","net_migration",0.166328348286767,-0.0241398598086133,0.0521248348746455,-0.0309644021748378
"54","NL","net_migration",0.868559811853683,-0.0468512991288564,0.0575947666258963,-0.0104044867825573
"55","NO","net_migration",0.44618394188776,0.0246160449932713,-0.0498574584078955,0.0215956048978587
"56","PT","net_migration",0.214016804824222,-0.00384225632741038,0.00853737826648143,-0.0088312172317632
"57","SE","net_migration",0.44652150967199,0.0215822428264251,-0.0198469104749523,-0.00711188593775022
"58","TR","net_migration",0.958761104129502,0.036328597453898,-0.0477804832094543,0.0081243953821754
"59","US","net_migration",0.438983859577513,-0.0174407627598952,0.0319721191912852,-0.00468189235050493
"60","MX","net_migration",0.757231617864534,0.00308399901690178,-0.00343199594518052,0.00164086718800053
"61","CL","net_migration",0.0215762047090936,0.00971127484802551,-0.0126686383668168,NA
"62","CZ","net_migration",0.34560080761948,-0.0259297791151513,0.0109903552380941,0.00301141715761546
"63","IS","net_migration",0.906022088162991,-0.00607978539252501,0.0217532835627875,-0.0173705748841848
"64","KR","net_migration",0.426848365390102,0.157034386246115,-0.300558862187649,0.168288459346564
"65","PL","net_migration",0.133343321293254,-0.114426329604924,0.105289922630268,NA
"66","CR","net_migration",0.223692823521451,0.0174213080347583,-0.0366417762070519,0.018409957013326
"67","IL","net_migration",0.381395660297777,0.0128687777187815,-0.0233745587761148,0.0144195681559997
"68","LV","net_migration",0.213391731832232,0.0151554252410593,-0.00643060826243484,-0.00541452921116856
"69","SK","net_migration",0.972438489645925,-0.0153326034677243,0.0173148211656476,0.000736559005638887
"70","LT","net_migration",0.106480781296443,0.0247504058316281,-0.00917978510484636,-0.0163458988364659
"71","SI","net_migration",0.30996641313396,0.00461665194610785,-0.00886852311168277,NA
"72","EE","net_migration",0.138727605203159,-0.00272815611410579,0.00860046975981994,0.000635008950181248
"73","HU","net_migration",0.403979470918845,-0.0620114476796776,0.0799920748068347,-0.034686218798374
"74","CO","net_migration",0.715204660412688,0.00887528897298276,-0.0120020203702718,0.00122235020431989
"75","AT","NY.GDP.PCAP.CD",0.915858404334972,1.47031052657719e-06,-8.65483279500634e-07,-5.19015188515857e-07
"76","AU","NY.GDP.PCAP.CD",0.740530436303418,6.4463978803457e-07,-9.89264537023046e-07,NA
"77","BE","NY.GDP.PCAP.CD",0.411117344093707,3.15111921829933e-06,-3.09901305583385e-06,NA
"78","CA","NY.GDP.PCAP.CD",0.491357402192051,3.44524130890665e-06,-3.24726280257729e-06,-2.50752664478197e-07
"79","CH","NY.GDP.PCAP.CD",0.509809652242641,1.27703772404988e-06,-5.4503097806075e-07,-8.8764413440923e-07
"80","DE","NY.GDP.PCAP.CD",0.641206702777108,-1.94843235065332e-06,3.33893124289083e-06,-1.00545497303266e-06
"81","DK","NY.GDP.PCAP.CD",0.590925095563746,-1.10156533439792e-06,1.44598882204936e-06,NA
"82","ES","NY.GDP.PCAP.CD",0.679247208453667,2.35717485531138e-06,-7.15525822415886e-06,4.25842405304337e-06
"83","FI","NY.GDP.PCAP.CD",0.784639982329429,1.00932413824386e-06,-1.22432646468922e-06,NA
"84","FR","NY.GDP.PCAP.CD",0.95652472568802,1.13520645206373e-06,1.16007577866615e-07,-1.28160663369468e-06
"85","GB","NY.GDP.PCAP.CD",0.934508930427754,-4.52337722889107e-07,2.96354007603564e-07,NA
"86","GR","NY.GDP.PCAP.CD",0.489516526320276,6.4518158811146e-06,-6.246667038499e-06,NA
"87","IE","NY.GDP.PCAP.CD",0.922424802326265,-1.14509858579003e-06,1.22753685842845e-06,NA
"88","IT","NY.GDP.PCAP.CD",0.871770835011553,2.42601616981358e-06,-3.03059187664489e-06,5.70073988519114e-07
"89","JP","NY.GDP.PCAP.CD",0.421389002261964,-4.64538511471131e-06,-1.58766156420847e-07,8.47192194002712e-07
"90","LU","NY.GDP.PCAP.CD",0.308881162925062,1.5491907940262e-06,5.75723761167362e-07,-2.31071749673246e-06
"91","NL","NY.GDP.PCAP.CD",0.98393619332577,-4.66989126180225e-07,1.42448950422628e-06,-9.58357640811653e-07
"92","NO","NY.GDP.PCAP.CD",0.340997603174346,9.44374695332097e-07,1.34840522754454e-07,-1.3103848625729e-06
"93","PT","NY.GDP.PCAP.CD",0.433123810948545,9.06186040014637e-06,-6.06409582593869e-06,-1.10325961803325e-06
"94","SE","NY.GDP.PCAP.CD",0.697400555580345,-1.19191472100602e-06,9.15967130574097e-07,NA
"95","TR","NY.GDP.PCAP.CD",0.390406525827573,3.26196664733329e-05,-2.60167636928398e-05,NA
"96","US","NY.GDP.PCAP.CD",0.457805905368406,2.07435214745897e-05,-2.48422262275291e-05,3.70271071040745e-06
"97","MX","NY.GDP.PCAP.CD",0.851054757152615,-6.74266962811323e-07,2.53588032798052e-06,-1.47871831436978e-06
"98","CL","NY.GDP.PCAP.CD",0.276081915709743,-1.51971390927388e-06,-3.25385731143793e-08,9.38923410933953e-07
"99","CZ","NY.GDP.PCAP.CD",0.278672719712214,9.09646596392611e-07,-1.52409495621278e-06,4.48775374133237e-06
"100","IS","NY.GDP.PCAP.CD",0.374872481915936,2.84296956611973e-08,4.72796433311107e-06,-5.42347009134032e-06
"101","KR","NY.GDP.PCAP.CD",0.727384005044649,1.17479788938937e-05,-2.23622054882654e-05,1.09970984270105e-05
"102","PL","NY.GDP.PCAP.CD",0.918238823792417,2.09487774543067e-06,1.9520784634539e-06,-2.27484971836117e-06
"103","CR","NY.GDP.PCAP.CD",0.488165119750753,-7.03638685687578e-06,9.60069420013551e-06,-3.08644400599318e-06
"104","IL","NY.GDP.PCAP.CD",0.95226100970768,-5.14451425384934e-06,6.54381115493159e-06,-1.12903234817813e-06
"105","LV","NY.GDP.PCAP.CD",0.220601297756292,1.60764138979301e-05,-1.73911029081384e-05,1.39711819451071e-05
"106","SK","NY.GDP.PCAP.CD",0.196539530092097,6.92483619199941e-06,-4.52645468420372e-06,2.96715009745177e-06
"107","LT","NY.GDP.PCAP.CD",0.034259296137138,9.92678718579465e-06,-1.17030656591515e-05,8.10103469142524e-06
"108","SI","NY.GDP.PCAP.CD",0.0100078608529236,1.2889148317654e-05,-7.58695928175055e-06,7.62382069695325e-06
"109","EE","NY.GDP.PCAP.CD",0.587062466048665,5.95266543755185e-06,2.57388820326643e-06,-6.02692933188762e-06
"110","HU","NY.GDP.PCAP.CD",0.1864458862795,1.2978934574061e-05,-1.7812135716522e-05,7.71368085074264e-06
"111","CO","NY.GDP.PCAP.CD",0.445929977888107,-2.29969271947394e-06,1.11140747570035e-06,NA
"112","AT","SE.SEC.ENRR.FE",0.390740439680212,0.0028963776586468,-0.00503795011705068,0.000428222046060318
"113","AU","SE.SEC.ENRR.FE",0.184803190053339,0.00333092778469008,-0.00145454991770052,NA
"114","BE","SE.SEC.ENRR.FE",0.150332892263223,-0.000680187309533746,0.000863371531535461,NA
"115","CA","SE.SEC.ENRR.FE",0.0902837129626638,-0.00218261472363552,0.000808807475069504,NA
"116","CH","SE.SEC.ENRR.FE",0.264119995354521,0.00207190375757618,-0.00399655254039811,NA
"117","DE","SE.SEC.ENRR.FE",0.146545458903459,-0.0101815787119266,0.00748407397857689,NA
"118","DK","SE.SEC.ENRR.FE",0.231969197320915,-0.00135346632142013,0.00265974712344665,0.000288796993050633
"119","ES","SE.SEC.ENRR.FE",0.0923089991071428,0.000572870687905481,-0.00508502444457855,0.00331519348289653
"120","FI","SE.SEC.ENRR.FE",0.265299573749301,-0.00068198534601104,-0.000146960564555935,-5.04887895077332e-05
"121","FR","SE.SEC.ENRR.FE",0.00382240479388126,-0.000501429529547851,-0.010514946175558,0.0112680323110329
"122","GB","SE.SEC.ENRR.FE",0.536121849469259,0.000372830858598378,-8.21078610557939e-05,-0.000813876961340309
"123","GR","SE.SEC.ENRR.FE",0.114532478270376,-0.00503651914555682,0.00307285452127631,-0.000375519937193544
"124","IE","SE.SEC.ENRR.FE",0.868589426613609,-0.000605343380228469,0.000922571496469398,-0.00120111856706773
"125","IT","SE.SEC.ENRR.FE",0.504932638181696,0.00148089834887349,0.00542060341451636,-0.0064087689774801
"126","JP","SE.SEC.ENRR.FE",0.358641075949205,-0.013451600789941,0.0087676988827821,-0.000248739036748248
"127","LU","SE.SEC.ENRR.FE",0.131120564298846,-0.00400355009371833,-0.00146035548863291,0.00479547882516788
"128","NL","SE.SEC.ENRR.FE",0.0522502735024109,-0.00263102729619447,0.00114907076639314,0.00166692160473794
"129","NO","SE.SEC.ENRR.FE",0.975872856786672,-0.000468822627655485,-0.000200128327415961,0.000419730020655275
"130","PT","SE.SEC.ENRR.FE",0.736453045077146,-0.000971712332538966,0.00155260262398118,-0.00013839706849346
"131","SE","SE.SEC.ENRR.FE",0.229692006183621,0.000489694195075565,-0.00158260141823964,0.000950369113215803
"132","TR","SE.SEC.ENRR.FE",0.927170778222843,0.00165153350280175,-0.00290685849097386,0.00182145952789293
"133","US","SE.SEC.ENRR.FE",0.313795313971843,-0.00185879006384632,0.00404384863981287,-0.00222132653237163
"134","MX","SE.SEC.ENRR.FE",0.661856809350825,-0.000751405379962635,0.000392281094183216,0.000384761367995465
"135","CL","SE.SEC.ENRR.FE",0.5222460919472,-0.000417029133980424,0.000161235390873037,-7.24972167163631e-05
"136","CZ","SE.SEC.ENRR.FE",0.270158760100187,0.00246311013954402,-0.000502278973667491,0.00100553783438103
"137","IS","SE.SEC.ENRR.FE",0.429569490452002,-0.00105141020705002,0.000717441436286398,-0.00233157413639441
"138","KR","SE.SEC.ENRR.FE",0.200218725935833,-0.00319097431460092,-0.00165764108393809,-0.00429213690321741
"139","PL","SE.SEC.ENRR.FE",0.560409192004513,0.000804437077523852,-0.00611071186062759,0.00377701087201662
"140","CR","SE.SEC.ENRR.FE",0.0707727754840811,-0.000215305840083566,0.00086020315478287,-0.000325240213367223
"141","IL","SE.SEC.ENRR.FE",0.7621450122766,0.00853906258617474,-0.00765401064524122,-0.000409632639751704
"142","LV","SE.SEC.ENRR.FE",0.0194001451160009,0.0125079870571876,-0.00131790145876979,-0.0019198211803413
"143","SK","SE.SEC.ENRR.FE",0.60462112748991,0.00460256129304824,-0.00260950684517275,0.0053691372511043
"144","LT","SE.SEC.ENRR.FE",0.216254319841759,0.00557672106806641,0.00325252070117707,-0.00496274612132445
"145","SI","SE.SEC.ENRR.FE",0.273118247933011,0.00341995238939756,-0.00549134772507638,0.00336510545493501
"146","EE","SE.SEC.ENRR.FE",0.252524093268182,0.00498516665915205,0.000312470160337686,-0.00606545380822592
"147","HU","SE.SEC.ENRR.FE",0.340125504278577,-0.00239701649182311,-0.00469637225211494,0.00290427784124052
"148","CO","SE.SEC.ENRR.FE",0.943880615517582,-0.00011662054300791,0.000314858458583412,-0.00034011913044493
"149","AT","SI.POV.GINI",0.447539650674396,0.00925021975476469,-0.00158803416381983,-0.00704439703948163
"150","AU","SI.POV.GINI",0.771526841820152,0.0293681486023678,-0.0251202204825209,-0.00682720025133008
"151","BE","SI.POV.GINI",0.171764240072878,0.00740905069089369,-0.0113201424409495,0.00880066752743144
"152","CA","SI.POV.GINI",0.18841476274313,-0.00896862699902675,-0.0150079227291527,0.0229284234706732
"153","CH","SI.POV.GINI",0.80574296423032,-0.00354337331091955,0.00644193111169295,0.00145743674783639
"154","DE","SI.POV.GINI",0.69588368436181,-0.00300391111544482,0.00700855877721335,0.00473680389813105
"155","DK","SI.POV.GINI",0.71033876560889,0.0111925546568402,-0.0185131660531722,0.00417101511669548
"156","ES","SI.POV.GINI",0.912068179932591,0.00091847855455165,-0.00612612162398564,0.00306951276978098
"157","FI","SI.POV.GINI",0.754833237787037,0.00435594822798018,0.0118449181816059,-0.013921349946782
"158","FR","SI.POV.GINI",0.465457705502065,-0.00190306752184696,0.00247885968224907,-0.00585866434657494
"159","GB","SI.POV.GINI",0.21102506199566,-0.00931428151220288,0.000958759235763084,0.00488984942243422
"160","GR","SI.POV.GINI",0.558622237792171,-0.00540438425405373,0.0189649744517742,-0.0177468833802472
"161","IE","SI.POV.GINI",0.872053645051022,-0.00923855025023796,0.0077966292300232,0.00172364910148564
"162","IT","SI.POV.GINI",0.176361047062184,-0.0105906282107972,0.00847599482963049,0.00529063088436604
"163","JP","SI.POV.GINI",0.903923565122026,-0.0775334488321501,0.0142361456560789,-0.0293646556166187
"164","LU","SI.POV.GINI",0.00316478640103832,-0.00492344390833406,-0.000418496124597058,-0.0141032301288312
"165","NL","SI.POV.GINI",0.900955083646467,-0.00398443625115506,0.00402711395972325,NA
"166","NO","SI.POV.GINI",0.982118397561878,0.000156262174694664,-0.00282371604765563,0.00186641787958065
"167","PT","SI.POV.GINI",0.0451903107824288,-0.0475805064634941,0.0284218488827769,0.0141131533345398
"168","SE","SI.POV.GINI",0.799640102404412,-0.0050744561813096,0.0133738345898735,-0.00602180965665867
"169","TR","SI.POV.GINI",0.510714409946972,-0.016970755583945,0.00874293732856959,-0.0122236813720864
"170","US","SI.POV.GINI",0.871692268868779,0.00170872014206155,-0.00335530035554035,-0.000639425003014868
"171","MX","SI.POV.GINI",0.755551022327861,-0.000927376368715133,0.000554827180241866,NA
"172","CL","SI.POV.GINI",0.0249819302994081,0.00482082889947494,-0.000634778360999245,7.88621962969e-06
"173","CZ","SI.POV.GINI",6.7711519104694e-05,-0.0186318191645591,0.0332618271517693,NA
"174","IS","SI.POV.GINI",0.167705112148141,0.0306502966716993,0.00419120847516412,-0.00358395650275031
"175","KR","SI.POV.GINI",0.049407425114628,-0.15083044715334,0.2480806838216,NA
"176","PL","SI.POV.GINI",0.402519306029559,-0.013707530993907,0.000748817886772911,NA
"177","CR","SI.POV.GINI",0.060868170186993,-0.00141716721424015,0.00185282090523303,NA
"178","IL","SI.POV.GINI",0.383256725199052,-0.0122525675260062,0.00858614142361793,0.00856997507309664
"179","LV","SI.POV.GINI",0.30029432267326,-0.0282997009554318,-0.0215635382328847,-0.00284715332058469
"180","SK","SI.POV.GINI",0.459738708564839,-0.0065481119376782,-0.0207205496657368,-0.00304610397303629
"181","LT","SI.POV.GINI",0.298744183834147,-0.00422677052711131,0.00258336848680174,-0.0141655998339715
"182","SI","SI.POV.GINI",0.851819739034697,-0.0254745194216309,0.022526400486346,-0.00273153274015738
"183","EE","SI.POV.GINI",0.905099084400444,-0.00247620063935656,0.0104482018838065,-0.00946171914450249
"184","HU","SI.POV.GINI",0.121043388294747,0.0243180143527212,0.00506163618286811,0.00850815495553741
"185","CO","SI.POV.GINI",0.0456825100771729,0.00257063506706735,0.00244271813061907,-0.00331084598284088
"186","AT","SL.UEM.TOTL.FE.NE.ZS",0.127278877939135,-0.0172292257625665,-5.50176991770441e-06,0.00547771469386078
"187","AU","SL.UEM.TOTL.FE.NE.ZS",0.349429960362033,-0.0188467399094371,0.0326599680248103,-0.0150508088708312
"188","BE","SL.UEM.TOTL.FE.NE.ZS",0.553710547724715,0.00104108526942483,-0.000253596920417083,-0.00278184273691553
"189","CA","SL.UEM.TOTL.FE.NE.ZS",0.639734178474808,-0.00741095361839276,0.00749019590619901,-0.000823940764258144
"190","CH","SL.UEM.TOTL.FE.NE.ZS",0.461821115730092,-0.00558388524922043,0.00712769844223851,-0.00576848953825539
"191","DE","SL.UEM.TOTL.FE.NE.ZS",0.559651687730421,-0.0074999364912709,0.0021793574662154,NA
"192","DK","SL.UEM.TOTL.FE.NE.ZS",0.454229111954852,0.00118410830832009,-0.00999969296441879,0.0124110850324746
"193","ES","SL.UEM.TOTL.FE.NE.ZS",0.330662309211995,-0.00547753202546184,0.0075480503876647,-0.00254733209911395
"194","FI","SL.UEM.TOTL.FE.NE.ZS",0.987095178007987,-0.00173320943665404,0.00109007374880615,0.000524758079469894
"195","FR","SL.UEM.TOTL.FE.NE.ZS",0.0863275062849742,-0.00689057058001061,-0.00460938095703553,-0.000302416660702596
"196","GB","SL.UEM.TOTL.FE.NE.ZS",0.426486790658778,-0.00317422442440576,0.0158487196947974,-0.0130514509487457
"197","GR","SL.UEM.TOTL.FE.NE.ZS",0.346079622169777,-0.00559220292206744,0.00688361914666575,-0.000997505138606678
"198","IE","SL.UEM.TOTL.FE.NE.ZS",0.410664736377856,-0.000932948511291936,-0.00142057437110135,-0.000898479091983788
"199","IT","SL.UEM.TOTL.FE.NE.ZS",0.823706435869772,0.00357392619386521,-0.00478151276200903,0.000291417941959069
"200","JP","SL.UEM.TOTL.FE.NE.ZS",0.903746408402251,-0.00644645962715958,-0.0295972755842138,0.0347398524033963
"201","LU","SL.UEM.TOTL.FE.NE.ZS",0.0311684910344225,-0.00521558741323282,-0.0132352278952783,NA
"202","NL","SL.UEM.TOTL.FE.NE.ZS",0.544941481402494,-0.00302007089981488,-0.00201171391111403,0.00246356695557163
"203","NO","SL.UEM.TOTL.FE.NE.ZS",0.197698324125425,0.0121077461023941,-0.0288706845798703,0.0212546186309013
"204","PT","SL.UEM.TOTL.FE.NE.ZS",0.13411797549094,-0.0173411095090684,0.0220306448148892,-0.00547005131174477
"205","SE","SL.UEM.TOTL.FE.NE.ZS",0.722584110573731,-0.00471980637042125,0.00271226636794529,NA
"206","TR","SL.UEM.TOTL.FE.NE.ZS",0.978726156243863,-0.000698992323837012,0.000148080502242977,NA
"207","US","SL.UEM.TOTL.FE.NE.ZS",0.0308638337594864,-0.0199624025776901,0.0204895260987226,NA
"208","MX","SL.UEM.TOTL.FE.NE.ZS",0.739261289222684,0.00157089471303229,-0.00175690083154503,0.00100088900835812
"209","CL","SL.UEM.TOTL.FE.NE.ZS",0.108867876894573,-6.86644944473859e-05,0.000855484030516974,0.000348051815040016
"210","CZ","SL.UEM.TOTL.FE.NE.ZS",0.260774215318184,-0.0121767191994084,0.0090229535038896,0.00572542366194116
"211","IS","SL.UEM.TOTL.FE.NE.ZS",0.0519444300258127,-0.0150855112500253,-0.0238325390433844,-0.000938000468123162
"212","KR","SL.UEM.TOTL.FE.NE.ZS",0.0423774854801422,-0.0480918926141669,0.0588188147785893,-0.0745845191792584
"213","PL","SL.UEM.TOTL.FE.NE.ZS",0.00225604335011888,-0.00873325557697012,-0.00303048436743817,0.00979766155537375
"214","CR","SL.UEM.TOTL.FE.NE.ZS",0.570375456895086,-0.000180130934045559,-0.000187836787936632,-0.00153662490721491
"215","IL","SL.UEM.TOTL.FE.NE.ZS",0.313686241836044,-0.00464781561108011,0.00319330084496292,-0.00480925321760519
"216","LV","SL.UEM.TOTL.FE.NE.ZS",0.0179326409620942,-0.0133181100349173,0.0180866114484415,0.00691742966628467
"217","SK","SL.UEM.TOTL.FE.NE.ZS",0.10326626878737,-0.0112754623190939,-0.00204805277211922,0.00498704890280623
"218","LT","SL.UEM.TOTL.FE.NE.ZS",0.2243758370292,-0.0130169658386654,0.0193010191087262,-0.013010682776694
"219","SI","SL.UEM.TOTL.FE.NE.ZS",0.526574855084314,-0.0110334616948788,0.026525690331811,-0.0141306452071706
"220","EE","SL.UEM.TOTL.FE.NE.ZS",0.165743411182736,0.000162888670610607,-0.0104301849186237,0.0121199791131627
"221","HU","SL.UEM.TOTL.FE.NE.ZS",0.661479153712217,-0.00977676924826054,0.0145291567928783,-0.00384472476510436
"222","CO","SL.UEM.TOTL.FE.NE.ZS",0.790345224476106,0.000633244704123335,-0.000396619261684675,-0.000346718590758709
"223","AT","SL.UEM.TOTL.NE.ZS",0.163531849366847,-0.016577215294976,-0.000786347709942025,0.00783362163442313
"224","AU","SL.UEM.TOTL.NE.ZS",0.235319635306732,-0.0166880340563288,0.0279296249984423,-0.0138501852238219
"225","BE","SL.UEM.TOTL.NE.ZS",0.770541504701565,0.00132588308427034,-0.00280570697254607,NA
"226","CA","SL.UEM.TOTL.NE.ZS",0.72543455997468,-0.0054006783860402,0.00438148363559078,-6.61610388126142e-05
"227","CH","SL.UEM.TOTL.NE.ZS",0.553469481092456,-0.00432977162032956,0.00588207725565566,-0.00568631236715875
"228","DE","SL.UEM.TOTL.NE.ZS",0.721194177760822,-0.0130685558951805,0.0164382015263845,-0.00947421814241418
"229","DK","SL.UEM.TOTL.NE.ZS",0.391902961578746,0.000843425814692215,-0.0101813426798364,0.0122804110169928
"230","ES","SL.UEM.TOTL.NE.ZS",0.376030139650489,-0.00682562169721721,0.0102381426264683,-0.00394574792789594
"231","FI","SL.UEM.TOTL.NE.ZS",0.994785205111078,-2.21703490460396e-05,0.00019383505492065,NA
"232","FR","SL.UEM.TOTL.NE.ZS",0.880030184163662,-0.000559383101739338,0.000234238963265653,-0.00261279113365429
"233","GB","SL.UEM.TOTL.NE.ZS",0.586554114091839,-0.00332760559411437,0.0119904204869389,-0.00908145097810354
"234","GR","SL.UEM.TOTL.NE.ZS",0.27983421245536,-0.0084859587154911,0.0129349214986784,-0.00447070835285213
"235","IE","SL.UEM.TOTL.NE.ZS",0.423107914879554,-0.00268257841940566,0.000123999326684864,NA
"236","IT","SL.UEM.TOTL.NE.ZS",0.958662184606933,0.000660989402275054,-0.00250379790724756,0.000169810668022214
"237","JP","SL.UEM.TOTL.NE.ZS",0.867661523358276,-0.0468950079417111,0.0608512704802145,-0.0237980540362912
"238","LU","SL.UEM.TOTL.NE.ZS",0.00662438262194489,-0.00785287731190601,0.00423052015571325,-0.0238001314217102
"239","NL","SL.UEM.TOTL.NE.ZS",0.578540624184938,-0.00466181092048854,-0.00100922323529232,0.00375771378567311
"240","NO","SL.UEM.TOTL.NE.ZS",0.483946600937843,0.000889759319458702,-0.0161183672616815,0.0158393608430162
"241","PT","SL.UEM.TOTL.NE.ZS",0.338917559372845,-0.00957153430777848,0.00947356608024667,NA
"242","SE","SL.UEM.TOTL.NE.ZS",0.488510068132832,0.00332740525978487,-0.0147507452055705,0.0118373577789496
"243","TR","SL.UEM.TOTL.NE.ZS",0.0718475626693881,-0.0244537227787482,0.0252155716986161,NA
"244","US","SL.UEM.TOTL.NE.ZS",0.0379785345060662,-0.0159016536411566,0.0167840686459936,NA
"245","MX","SL.UEM.TOTL.NE.ZS",0.549084848841651,0.00164020791517936,-0.0018100823519197,NA
"246","CL","SL.UEM.TOTL.NE.ZS",6.7430093217708e-05,0.000745841779467401,0.00114787987681612,NA
"247","CZ","SL.UEM.TOTL.NE.ZS",0.0640158736261516,-0.0163947223678943,0.0232329194823328,NA
"248","IS","SL.UEM.TOTL.NE.ZS",0.0769891071190598,0.00490452139639772,-0.037025526779024,0.0125632206168167
"249","KR","SL.UEM.TOTL.NE.ZS",0.052966795006623,-0.0409964913444415,0.0330802080815114,-0.0573174410037086
"250","PL","SL.UEM.TOTL.NE.ZS",0.00525908093222068,-0.00952426145598302,-0.00122632422962684,0.00851801775229724
"251","CR","SL.UEM.TOTL.NE.ZS",0.483566910465607,-4.47012160077067e-05,8.56188743049345e-05,-0.00213308201554402
"252","IL","SL.UEM.TOTL.NE.ZS",0.444330442301169,0.000374188203615221,-0.0139439548646038,0.0102187706761431
"253","LV","SL.UEM.TOTL.NE.ZS",0.028347902343524,-0.0106924937288897,0.0111367911398163,0.00772495666896303
"254","SK","SL.UEM.TOTL.NE.ZS",0.0541981922441248,-0.0115527843002765,-0.000607317543030638,0.00327830172430331
"255","LT","SL.UEM.TOTL.NE.ZS",0.197107239765048,-0.00893663082390973,0.0131385026868054,-0.00798775893748649
"256","SI","SL.UEM.TOTL.NE.ZS",0.831765669235545,-0.0108332028937094,0.0187152195702194,-0.0119961290462494
"257","EE","SL.UEM.TOTL.NE.ZS",0.124133790889925,0.00139089632930364,-0.0114579007890183,0.0111853275903687
"258","HU","SL.UEM.TOTL.NE.ZS",0.43339843123905,-0.0128588981394235,0.0183294442328594,-0.00589624279339303
"259","CO","SL.UEM.TOTL.NE.ZS",0.818659972725429,0.000674519202383464,-0.000648441206770986,-0.000182055863465178
"260","AT","SP.DYN.LE00.FE.IN",0.695209405064848,0.0208158181613193,0.00776147367454245,-0.0271256373298897
"261","AU","SP.DYN.LE00.FE.IN",0.379364940186105,-0.0914224751174805,0.0878340719249527,NA
"262","BE","SP.DYN.LE00.FE.IN",0.0530529503142069,-0.0516588087140461,0.0490662613946223,0.00139515696885304
"263","CA","SP.DYN.LE00.FE.IN",0.01433325109674,-0.122839414588564,0.11798136083591,NA
"264","CH","SP.DYN.LE00.FE.IN",0.83419086568986,-0.0119022387625673,0.011406006902788,NA
"265","DE","SP.DYN.LE00.FE.IN",0.63884412406031,-0.0354925605277629,0.0359039611992296,NA
"266","DK","SP.DYN.LE00.FE.IN",0.860858573732572,0.0198772822402252,-0.020902506945238,NA
"267","ES","SP.DYN.LE00.FE.IN",0.156520780511501,-0.0329898353565542,0.0274143487725262,NA
"268","FI","SP.DYN.LE00.FE.IN",0.781610007276811,-0.014051657774281,0.00157715544628433,0.0101491761975265
"269","FR","SP.DYN.LE00.FE.IN",0.94056621554193,-0.000397905433548397,0.0173944661013469,-0.0174161778336651
"270","GB","SP.DYN.LE00.FE.IN",0.777493608004876,-0.0195588602710058,-0.000173857650934467,0.0177656271136289
"271","GR","SP.DYN.LE00.FE.IN",0.0991521684893523,-0.0361509492877203,0.0155381930132192,0.0122425934215839
"272","IE","SP.DYN.LE00.FE.IN",0.908132361019899,-0.0186367592528234,-0.00913409379346708,0.0254939746835104
"273","IT","SP.DYN.LE00.FE.IN",0.0185368505565508,-0.0578016951131885,0.0146892879112958,0.0389367463758994
"274","JP","SP.DYN.LE00.FE.IN",0.106228846915453,0.0714391419138428,-0.0542183521638415,-0.0292528705054001
"275","LU","SP.DYN.LE00.FE.IN",0.517417780469759,0.0266379039357841,0.00477392902806814,-0.0317610476491519
"276","NL","SP.DYN.LE00.FE.IN",0.440258422999769,-0.0251917847706081,0.061102950771572,-0.035835804294157
"277","NO","SP.DYN.LE00.FE.IN",0.700161962539262,0.00457833709286613,0.00346244022374409,-0.0123006570223859
"278","PT","SP.DYN.LE00.FE.IN",0.589536975338743,-0.0231154291882213,0.00377449975891047,0.0197983474568507
"279","SE","SP.DYN.LE00.FE.IN",0.45843521079136,0.0220311945329548,-0.0462773712469602,0.0206048394179902
"280","TR","SP.DYN.LE00.FE.IN",0.0541758757966788,2.26548260040708,-4.8997725020827,2.61727669551129
"281","US","SP.DYN.LE00.FE.IN",0.247470493437305,-0.0671444427516324,0.0712761396519047,-0.0050891270966602
"282","MX","SP.DYN.LE00.FE.IN",0.00225590512586561,-0.099651368359953,0.169401311147675,-0.0764896395309553
"283","CL","SP.DYN.LE00.FE.IN",3.53723651809279e-08,-0.0840054432931421,0.101854786347132,-0.0329161633353694
"284","CZ","SP.DYN.LE00.FE.IN",0.202550399295487,-0.0651987104010133,0.0164958592996634,0.0462118668284122
"285","IS","SP.DYN.LE00.FE.IN",0.0493937439385658,-0.0623078955466677,0.0606774443898203,-0.0110211652391845
"286","KR","SP.DYN.LE00.FE.IN",0.259346564402266,0.160340270810527,-0.31145556428093,0.148151343867818
"287","PL","SP.DYN.LE00.FE.IN",0.965973571528354,-0.00120161986576625,0.0126179441007045,-0.00987702930820398
"288","CR","SP.DYN.LE00.FE.IN",0.00390817451486542,-0.117379110348723,0.266342105594505,-0.15189606230473
"289","IL","SP.DYN.LE00.FE.IN",0.0491779334975509,-0.0434873798858616,-0.00658960525182434,0.0497147075303111
"290","LV","SP.DYN.LE00.FE.IN",0.609954401623179,-0.0208493611136579,0.0337138630416578,-0.0139416835345989
"291","SK","SP.DYN.LE00.FE.IN",0.0839088394468547,-0.0624323977881216,-0.00626788765098763,0.0714345640641797
"292","LT","SP.DYN.LE00.FE.IN",0.856789839747625,0.00222731468216063,-0.0150071513254939,0.0134070464885188
"293","SI","SP.DYN.LE00.FE.IN",0.928228886376943,-0.00282850344181381,-0.0127367878338066,0.0163765757463381
"294","EE","SP.DYN.LE00.FE.IN",0.482652253961552,-0.00502468132961042,-0.0204969175623644,0.021891261532253
"295","HU","SP.DYN.LE00.FE.IN",0.221161998038501,-0.0261034059255932,0.0484930856507847,-0.0291294922918014
"296","CO","SP.DYN.LE00.FE.IN",0.000446199253149623,-0.283036603519473,0.468876842687134,-0.20093831494571
"297","AT","SP.DYN.LE00.IN",0.528313501151558,0.0226419122696059,0.0143528962287436,-0.0355194015842305
"298","AU","SP.DYN.LE00.IN",0.516766820701955,-0.116303056196634,0.125267108480863,-0.01303097109892
"299","BE","SP.DYN.LE00.IN",0.127171780113667,-0.0450187382174408,0.0523194063107965,-0.0077648532612367
"300","CA","SP.DYN.LE00.IN",0.000613924111199427,-0.153900648780499,0.294507616443675,-0.141352966619674
"301","CH","SP.DYN.LE00.IN",0.59430720609903,-0.0214889061448565,0.021210691800356,NA
"302","DE","SP.DYN.LE00.IN",0.798173290549574,-0.0250250798787644,0.052189972623711,-0.0274973634978072
"303","DK","SP.DYN.LE00.IN",0.991767062384697,-0.00497130680191496,0.00526440877619085,NA
"304","ES","SP.DYN.LE00.IN",0.195372968781158,-0.0269731229265911,0.0370297360559342,-0.014729260289536
"305","FI","SP.DYN.LE00.IN",0.677738451530997,-0.0163304667802252,0.0149500090651679,NA
"306","FR","SP.DYN.LE00.IN",0.970601686665672,-0.00859917514738953,0.00850731848902469,NA
"307","GB","SP.DYN.LE00.IN",0.553450252313855,-0.0256859959613106,0.0243494603034733,NA
"308","GR","SP.DYN.LE00.IN",0.192964649335782,-0.023977241206147,0.0144563571644049,0.00140317230625741
"309","IE","SP.DYN.LE00.IN",0.834370095313744,0.00714516817055322,-0.0630390504075754,0.0553068406756863
"310","IT","SP.DYN.LE00.IN",0.0168703770143453,-0.0618592415548979,0.0175024859175392,0.0415102195177216
"311","JP","SP.DYN.LE00.IN",0.0728658484232881,0.072122732703081,-0.0802589683317034,-0.00718892070599143
"312","LU","SP.DYN.LE00.IN",0.519975037489766,0.0214757639191528,0.0205565104587601,-0.0428441518741067
"313","NL","SP.DYN.LE00.IN",0.710162344188701,-0.0255975229354487,0.0449383283480317,-0.0191196255766954
"314","NO","SP.DYN.LE00.IN",0.734216169851557,-0.0169215951075091,0.00909410962261442,0.00520637713562885
"315","PT","SP.DYN.LE00.IN",0.578503196444595,-0.0178876640606245,0.0197203313953922,NA
"316","SE","SP.DYN.LE00.IN",0.504067066681088,0.0125033718447288,-0.0543950353801136,0.0392956956194022
"317","TR","SP.DYN.LE00.IN",0.162463544784805,0.39000447942179,-1.44882498378602,1.03778670146825
"318","US","SP.DYN.LE00.IN",0.214283275773645,-0.067172571429756,0.0497428630917654,0.0160277456174871
"319","MX","SP.DYN.LE00.IN",0.00566423914828493,-0.111660771753544,0.196599270543218,-0.0916963608058273
"320","CL","SP.DYN.LE00.IN",8.0873705062175e-11,-0.300965249433276,0.427301237628893,-0.149173670641926
"321","CZ","SP.DYN.LE00.IN",0.132758161431779,-0.0744921533077,0.041370204332897,0.0311708695389415
"322","IS","SP.DYN.LE00.IN",0.272871375618241,-0.0504086798171846,0.0239310058174342,0.0181909335388646
"323","KR","SP.DYN.LE00.IN",0.183139012921406,0.188407471600586,-0.316147670610559,0.126673688906919
"324","PL","SP.DYN.LE00.IN",0.955100581268469,-0.00231399423561195,0.00384309557052147,0.00210962456797981
"325","CR","SP.DYN.LE00.IN",0.000795688327256186,0.00308243315998304,0.0494687079722993,-0.0543221361670908
"326","IL","SP.DYN.LE00.IN",0.00390376556373726,-0.0881856165598883,0.0047578723009328,0.0821100587505828
"327","LV","SP.DYN.LE00.IN",0.936348709597517,-0.00635632936570376,0.0138530305099601,-0.0062494724529941
"328","SK","SP.DYN.LE00.IN",0.03456559569614,-0.0762120553977537,0.0096597307255621,0.0741881499380629
"329","LT","SP.DYN.LE00.IN",0.730661892007287,0.00864316761798451,-0.0189371787126107,0.0135898134432196
"330","SI","SP.DYN.LE00.IN",0.650710664227885,-0.00983945349922295,-0.0173105350886478,0.0285297359118174
"331","EE","SP.DYN.LE00.IN",0.630906040289929,0.0109326057064526,-0.013172772949514,NA
"332","HU","SP.DYN.LE00.IN",0.27512085827566,-0.0210959169575073,0.0575980687185857,-0.0368182502374216
"333","CO","SP.DYN.LE00.IN",0.0019056227633937,-0.015996568188732,0.0101965476174209,NA
